"Famille";"Concept";"Slug";"Page_EN";"Science_sur_page";"Modele_math_sur_page";"Notation_formelle";"Schema_dedie";"Etapes_specifiques";"Cas_usage_specifiques";"Modele_interactif_lie";"Reference_primaire";"Animation_pedagogique_sur_page";"Resume_FR_specifique";"Source_GenOS"
"immunity-medicine";"Failure modes";"maladies";"/en/concepts/maladies";"oui";"oui";"oui";"oui";"oui";"non";"oui";"non";"non";"non";"01-concepts/nosologie/pathologie-et-medecine.md"
"memory-learning";"Memory";"memoire";"/en/concepts/memoire";"oui";"oui";"oui";"oui";"oui";"non";"oui";"non";"non";"non";"01-concepts/memoire-et-apprentissage.md"
"cognition-control";"Cortex";"cortex";"/en/concepts/cortex";"oui";"oui";"non";"oui";"oui";"non";"non";"oui";"non";"non";"01-concepts/memoire-et-apprentissage.md"
"identity-development";"Ontogenesis";"ontogenese";"/en/concepts/ontogenese";"oui";"oui";"non";"oui";"oui";"non";"non";"non";"non";"non";"01-concepts/ontogenese.md"
"knowledge-evidence";"Ontology";"ontologie";"/en/concepts/ontologie";"oui";"oui";"oui";"oui";"oui";"non";"non";"non";"non";"non";"03-reference/ontologie-operationnelle.md"
"identity-development";"Genome";"genome";"/en/concepts/genome";"oui";"oui";"oui";"non";"non";"non";"oui";"oui";"non";"oui";"01-concepts/genome-et-epigenetique.md"
"identity-development";"Epigenetics";"epigenetics";"/en/concepts/epigenetics";"oui";"oui";"oui";"non";"non";"non";"oui";"oui";"non";"oui";"01-concepts/genome-et-epigenetique.md"
"identity-development";"AgentDNA";"agent-dna";"/en/concepts/agent-dna";"oui";"oui";"oui";"non";"non";"non";"oui";"oui";"non";"oui";"01-concepts/agent-dna-runtime.md"
"identity-development";"Phenotype";"phenotype";"/en/concepts/phenotype";"oui";"oui";"oui";"non";"non";"non";"non";"non";"non";"non";"01-concepts/biologie-computationnelle.md"
"identity-development";"Instinct";"instinct";"/en/concepts/instinct";"oui";"oui";"oui";"non";"non";"non";"non";"non";"non";"non";"01-concepts/instinct.md"
"identity-development";"Reproduction";"reproduction";"/en/concepts/reproduction";"oui";"oui";"oui";"non";"non";"non";"non";"non";"non";"oui";"02-orchestration/reproduction-et-replication.md"
"identity-development";"Speciation & grafting";"speciation-graft";"/en/concepts/speciation-graft";"oui";"oui";"non";"non";"non";"non";"non";"non";"non";"non";"01-concepts/speciation-graft-autonome.md"
"cognition-control";"AGOW";"agow";"/en/concepts/agow";"oui";"oui";"oui";"non";"non";"oui";"oui";"oui";"non";"non";"02-orchestration/agow.md"
"cognition-control";"GVX";"gvx";"/en/concepts/gvx";"oui";"oui";"oui";"non";"non";"non";"non";"non";"non";"non";"02-orchestration/adaptateurs-gvx-runtime.md"
"cognition-control";"Self-model";"self-model";"/en/concepts/self-model";"oui";"oui";"oui";"non";"non";"non";"non";"non";"non";"non";"02-orchestration/theorie-du-soi-orchestrator.md"
"cognition-control";"Theory of self";"theory-of-self";"/en/concepts/theory-of-self";"oui";"oui";"non";"non";"non";"non";"non";"non";"non";"non";"02-orchestration/theorie-du-soi-orchestrator.md"
"cognition-control";"Predictive system";"predictive-system";"/en/concepts/predictive-system";"oui";"oui";"non";"non";"non";"non";"non";"oui";"non";"non";"02-orchestration/systeme-predictif-multi-echelles.md"
"cognition-control";"Natural Search Control Plane";"natural-search-control-plane";"/en/concepts/natural-search-control-plane";"oui";"oui";"non";"non";"non";"non";"non";"non";"non";"non";"01-concepts/natural-search-control-plane.md"
"cognition-control";"Attention & salience";"attention";"/en/concepts/attention";"oui";"oui";"oui";"non";"non";"non";"oui";"oui";"non";"non";"02-orchestration/agow.md"
"cognition-control";"Mind and consciousness taxonomy";"consciousness-taxonomy";"/en/concepts/consciousness-taxonomy";"non";"non";"non";"non";"non";"non";"non";"non";"non";"non";"01-concepts/conscience-esprit-mental.md"
"cognition-control";"Functional indicators";"functional-indicators";"/en/concepts/functional-indicators";"oui";"oui";"oui";"non";"non";"non";"non";"non";"non";"non";"01-concepts/indicateurs-fonctionnels.md"
"knowledge-evidence";"Epistemics";"epistemics";"/en/concepts/epistemics";"oui";"oui";"non";"non";"non";"oui";"non";"non";"non";"non";"01-concepts/epistemologie-et-evidence.md"
"knowledge-evidence";"Beliefs";"beliefs";"/en/concepts/beliefs";"oui";"oui";"oui";"non";"non";"non";"oui";"oui";"non";"non";"01-concepts/savoir-et-epistemologie.md"
"knowledge-evidence";"Claims";"claims";"/en/concepts/claims";"oui";"oui";"oui";"non";"non";"non";"oui";"non";"non";"non";"01-concepts/epistemologie-et-evidence.md"
"knowledge-evidence";"Evidence";"evidence";"/en/concepts/evidence";"oui";"oui";"oui";"non";"non";"non";"oui";"non";"non";"non";"01-concepts/epistemologie-et-evidence.md"
"knowledge-evidence";"Contradictions";"contradictions";"/en/concepts/contradictions";"oui";"oui";"oui";"non";"non";"non";"oui";"non";"non";"non";"01-concepts/savoir-et-epistemologie.md"
"knowledge-evidence";"Provenance";"provenance";"/en/concepts/provenance";"oui";"oui";"oui";"non";"non";"non";"oui";"non";"non";"non";"01-concepts/epistemologie-et-evidence.md"
"knowledge-evidence";"Brier calibration";"brier-calibration";"/en/concepts/brier-calibration";"oui";"oui";"oui";"non";"non";"oui";"oui";"oui";"non";"non";"01-concepts/savoir-et-epistemologie.md"
"knowledge-evidence";"Gettier problems";"gettier";"/en/concepts/gettier";"oui";"oui";"oui";"non";"non";"non";"non";"non";"non";"non";"01-concepts/savoir-et-epistemologie.md"
"knowledge-evidence";"Knowledge";"knowledge";"/en/concepts/knowledge";"oui";"oui";"oui";"non";"non";"non";"non";"non";"non";"non";"01-concepts/savoir-et-epistemologie.md"
"memory-learning";"Episodic memory";"episodic-memory";"/en/concepts/episodic-memory";"oui";"oui";"oui";"non";"non";"non";"oui";"oui";"non";"non";"01-concepts/memoire-et-apprentissage.md"
"memory-learning";"Semantic memory";"semantic-memory";"/en/concepts/semantic-memory";"oui";"oui";"non";"non";"non";"non";"oui";"oui";"non";"non";"01-concepts/memoire-et-apprentissage.md"
"memory-learning";"Vector memory";"vector-memory";"/en/concepts/vector-memory";"oui";"oui";"oui";"non";"non";"non";"non";"oui";"non";"non";"01-concepts/memoire-et-apprentissage.md"
"memory-learning";"Procedural memory";"procedural-memory";"/en/concepts/procedural-memory";"non";"non";"non";"non";"non";"non";"oui";"oui";"non";"non";"01-concepts/memoire-et-apprentissage.md"
"memory-learning";"Synaptic plasticity";"synaptic-plasticity";"/en/concepts/synaptic-plasticity";"oui";"oui";"oui";"non";"non";"non";"non";"oui";"non";"non";"01-concepts/neurobiologie-et-plasticite.md"
"memory-learning";"STDP";"stdp";"/en/concepts/stdp";"oui";"oui";"oui";"non";"non";"oui";"oui";"oui";"non";"non";"01-concepts/neurobiologie-et-plasticite.md"
"memory-learning";"Fossilization";"memory-fossilization";"/en/concepts/memory-fossilization";"non";"non";"non";"non";"non";"non";"non";"oui";"non";"non";"01-concepts/fossilisation.md"
"memory-learning";"Memory retrieval";"memory-retrieval";"/en/concepts/memory-retrieval";"oui";"oui";"oui";"non";"non";"non";"non";"oui";"non";"non";"01-concepts/memoire-et-apprentissage.md"
"collective-intelligence";"Morphogenesis";"morphogenesis";"/en/concepts/morphogenesis";"non";"non";"non";"non";"non";"non";"non";"oui";"non";"non";"02-orchestration/noyau-controle-morphogenetique.md"
"collective-intelligence";"Epistemic meristem";"epistemic-meristem";"/en/concepts/epistemic-meristem";"non";"non";"non";"non";"oui";"non";"non";"non";"non";"non";"02-orchestration/meristeme-epistemique.md"
"collective-intelligence";"Unblocking spiral";"unblocking-spiral";"/en/concepts/unblocking-spiral";"non";"non";"non";"non";"oui";"non";"non";"non";"non";"non";"02-orchestration/spirale-de-deblocage.md"
"collective-intelligence";"Counterexample cambium";"counterexample-cambium";"/en/concepts/counterexample-cambium";"non";"non";"non";"non";"oui";"non";"non";"non";"non";"non";"02-orchestration/cambium-contre-exemples.md"
"collective-intelligence";"Aperiodic chronotaxis";"chronotaxis";"/en/concepts/chronotaxis";"non";"non";"non";"non";"oui";"non";"non";"non";"non";"non";"02-orchestration/chronotaxie-aperiodique.md"
"collective-intelligence";"Contracted statistical risk";"risk-ledger";"/en/concepts/risk-ledger";"non";"non";"non";"non";"oui";"non";"non";"non";"non";"non";"02-orchestration/infini-sous-contrat.md"
"collective-intelligence";"Dynamic organizations";"dynamic-organizations";"/en/concepts/dynamic-organizations";"non";"non";"non";"non";"non";"non";"non";"oui";"non";"non";"02-orchestration/topologies-et-capacites.md"
"collective-intelligence";"Worker kinds";"worker-kinds";"/en/concepts/worker-kinds";"non";"non";"non";"non";"non";"non";"non";"non";"non";"non";"03-reference/types-de-workers.md"
"collective-intelligence";"Resident daemons";"resident-daemons";"/en/concepts/resident-daemons";"oui";"oui";"non";"non";"non";"non";"non";"non";"non";"non";"03-reference/types-de-daemons.md"
"collective-intelligence";"Agent relationships";"agent-relationships";"/en/concepts/agent-relationships";"oui";"oui";"oui";"non";"non";"non";"non";"oui";"non";"non";"02-orchestration/relations-inter-agents.md"
"collective-intelligence";"Relational physiology";"relational-physiology";"/en/concepts/relational-physiology";"non";"non";"non";"non";"oui";"non";"non";"non";"non";"non";"02-orchestration/physiologie-relationnelle.md"
"collective-intelligence";"Communication ecology";"communication-ecology";"/en/concepts/communication-ecology";"non";"non";"non";"non";"non";"non";"non";"oui";"non";"non";"02-orchestration/communication.md"
"collective-intelligence";"Zero-text signal plane";"signal-plane";"/en/concepts/signal-plane";"non";"non";"non";"non";"oui";"non";"non";"oui";"non";"non";"01-concepts/signal-plane-zero-text.md"
"collective-intelligence";"G-CIR";"g-cir";"/en/concepts/g-cir";"non";"non";"non";"non";"oui";"oui";"non";"non";"non";"non";"02-orchestration/g-cir.md"
"collective-intelligence";"Mission continuity";"mission-continuity";"/en/concepts/mission-continuity";"non";"non";"non";"non";"oui";"non";"non";"non";"non";"non";"02-orchestration/continuite-mission-organisme.md"
"collective-intelligence";"AgentGit";"agent-git";"/en/concepts/agent-git";"non";"non";"non";"non";"non";"non";"non";"oui";"non";"non";"02-orchestration/git-agents.md"
"collective-intelligence";"Counterfactual workspaces";"counterfactual-workspaces";"/en/concepts/counterfactual-workspaces";"oui";"oui";"oui";"non";"non";"non";"non";"oui";"non";"non";"02-orchestration/workspaces-contrefactuel.md"
"orchestration";"Trinity";"trinity";"/en/concepts/trinity";"oui";"oui";"oui";"non";"non";"non";"non";"non";"non";"non";"02-orchestration/topologies/trinity.md"
"orchestration";"A-Team";"a-team";"/en/concepts/a-team";"oui";"oui";"oui";"non";"non";"non";"non";"non";"non";"non";"02-orchestration/topologies/a-team.md"
"orchestration";"Biocenosis";"biocenose";"/en/concepts/biocenose";"oui";"oui";"oui";"non";"non";"non";"non";"oui";"non";"non";"02-orchestration/topologies/biocenose.md"
"orchestration";"Holobiont";"holobionte";"/en/concepts/holobionte";"oui";"oui";"oui";"non";"non";"non";"non";"non";"non";"non";"02-orchestration/topologies/holobionte.md"
"orchestration";"Syncytium";"syncytium";"/en/concepts/syncytium";"oui";"oui";"oui";"non";"non";"oui";"non";"oui";"non";"non";"02-orchestration/topologies/syncytium.md"
"orchestration";"Rhizome";"rhizome";"/en/concepts/rhizome";"oui";"oui";"oui";"non";"non";"non";"non";"non";"non";"non";"02-orchestration/topologies/rhizome.md"
"orchestration";"Metapopulation";"metapopulation";"/en/concepts/metapopulation";"oui";"oui";"oui";"non";"non";"non";"non";"non";"non";"non";"02-orchestration/topologies/metapopulation.md"
"orchestration";"Biome";"biome";"/en/concepts/biome";"non";"non";"non";"non";"non";"non";"non";"oui";"non";"non";"02-orchestration/topologies/biome.md"
"evolution-ecology";"Mutation";"mutation";"/en/concepts/mutation";"oui";"oui";"oui";"non";"non";"non";"non";"oui";"non";"oui";"01-concepts/genome-et-epigenetique.md"
"evolution-ecology";"Selection";"evolution-selection";"/en/concepts/evolution-selection";"oui";"oui";"oui";"non";"non";"non";"non";"oui";"non";"non";"02-orchestration/reproduction-et-replication.md"
"evolution-ecology";"Plasmids";"plasmids";"/en/concepts/plasmids";"non";"non";"non";"non";"non";"non";"non";"non";"non";"non";"adr/0108-cycle-de-vie-plasmidique.md"
"evolution-ecology";"Horizontal transfer";"horizontal-transfer";"/en/concepts/horizontal-transfer";"non";"non";"non";"non";"non";"non";"non";"non";"non";"non";"adr/0108-cycle-de-vie-plasmidique.md"
"evolution-ecology";"Swarm intelligence";"swarm-intelligence";"/en/concepts/swarm-intelligence";"oui";"oui";"oui";"non";"non";"non";"non";"oui";"non";"non";"01-concepts/intelligence-de-nuee.md"
"evolution-ecology";"Stigmergy";"stigmergy";"/en/concepts/stigmergy";"oui";"oui";"oui";"non";"non";"non";"non";"oui";"non";"non";"01-concepts/intelligence-de-nuee.md"
"evolution-ecology";"Niches";"niches";"/en/concepts/niches";"non";"non";"non";"non";"non";"non";"non";"oui";"non";"non";"01-concepts/natural-creative-ecology.md"
"evolution-ecology";"Populations";"populations";"/en/concepts/populations";"oui";"oui";"oui";"non";"non";"non";"non";"oui";"non";"non";"01-concepts/intelligence-de-nuee.md"
"evolution-ecology";"Cryptobiosis & dormancy";"cryptobiosis";"/en/concepts/cryptobiosis";"non";"non";"non";"non";"non";"non";"non";"non";"non";"non";"01-concepts/continuite-mission.md"
"evolution-ecology";"Natural creative ecology";"natural-creative-ecology";"/en/concepts/natural-creative-ecology";"non";"non";"non";"non";"oui";"non";"non";"oui";"non";"non";"01-concepts/natural-creative-ecology.md"
"physiology-perception";"Sensorium";"sensorium";"/en/concepts/sensorium";"non";"non";"non";"non";"non";"non";"non";"oui";"non";"non";"01-concepts/organes-vitaux-agents.md"
"physiology-perception";"Metabolism";"metabolism";"/en/concepts/metabolism";"oui";"oui";"oui";"non";"non";"non";"non";"non";"non";"non";"adr/0055-plan-metabolique-ressources-holobionte.md"
"physiology-perception";"Homeostasis & allostasis";"homeostasis";"/en/concepts/homeostasis";"oui";"oui";"oui";"non";"non";"non";"non";"non";"non";"non";"adr/0065-homeostasie-environnement-hote.md"
"physiology-perception";"Resilience & recovery";"resilience";"/en/concepts/resilience";"non";"non";"non";"non";"non";"non";"non";"non";"non";"non";"04-exploitation/resilience-et-reprise.md"
"physiology-perception";"Development";"development";"/en/concepts/development";"non";"non";"non";"non";"non";"non";"non";"non";"non";"non";"01-concepts/ontogenese.md"
"physiology-perception";"Symbionts";"symbionts";"/en/concepts/symbionts";"non";"non";"non";"non";"non";"non";"non";"non";"non";"non";"adr/0079-daemons-symbiontes-residents.md"
"physiology-perception";"Web foraging";"web-foraging";"/en/concepts/web-foraging";"oui";"oui";"non";"non";"non";"non";"non";"oui";"non";"non";"01-concepts/biomimetisme/web-foraging.md"
"physiology-perception";"Foveation";"foveation";"/en/concepts/foveation";"non";"non";"non";"non";"non";"non";"non";"oui";"non";"non";"01-concepts/biomimetisme/sens-animaux.md"
"physiology-perception";"Animal senses";"animal-senses";"/en/concepts/animal-senses";"non";"non";"non";"non";"non";"non";"non";"non";"non";"non";"01-concepts/biomimetisme/sens-animaux.md"
"physiology-perception";"Animal control primitives";"animal-control-primitives";"/en/concepts/animal-control-primitives";"non";"non";"non";"non";"non";"non";"non";"oui";"non";"non";"01-concepts/biomimetisme/primitives-controle-animal.md"
"immunity-medicine";"Adaptive epistemic immune system";"adaptive-epistemic-immunity";"/en/concepts/adaptive-epistemic-immunity";"oui";"oui";"oui";"non";"non";"non";"oui";"non";"non";"non";"01-concepts/adaptive-epistemic-immune-system.md"
"immunity-medicine";"Immune system";"immune-system";"/en/concepts/immune-system";"oui";"oui";"non";"non";"non";"non";"oui";"non";"non";"non";"01-concepts/adaptive-epistemic-immune-system.md"
"immunity-medicine";"Nosology";"nosology";"/en/concepts/nosology";"non";"non";"non";"non";"non";"non";"non";"non";"non";"non";"01-concepts/nosologie/pathologie-et-medecine.md"
"immunity-medicine";"Computational pathologies";"pathologies";"/en/concepts/pathologies";"oui";"oui";"non";"non";"non";"non";"oui";"non";"non";"non";"01-concepts/nosologie/vue-ensemble.md"
"immunity-medicine";"Autoimmune failure";"autoimmune";"/en/concepts/autoimmune";"non";"non";"non";"non";"non";"non";"non";"non";"non";"non";"01-concepts/nosologie/01-auto-immunes.md"
"immunity-medicine";"Degenerative failure";"degenerative";"/en/concepts/degenerative";"non";"non";"non";"non";"non";"non";"non";"non";"non";"non";"01-concepts/nosologie/02-degeneratives.md"
"immunity-medicine";"Infectious failure";"infectious";"/en/concepts/infectious";"non";"non";"non";"non";"non";"non";"non";"non";"non";"non";"01-concepts/nosologie/03-infectieuses.md"
"immunity-medicine";"Genetic failure";"genetic-pathology";"/en/concepts/genetic-pathology";"non";"non";"non";"non";"non";"non";"non";"non";"non";"non";"01-concepts/nosologie/04-genetiques.md"
"immunity-medicine";"Cancer-like failure";"cancerous";"/en/concepts/cancerous";"non";"non";"non";"non";"non";"non";"non";"non";"non";"non";"01-concepts/nosologie/05-cancers.md"
"immunity-medicine";"Metabolic failure";"metabolic-pathology";"/en/concepts/metabolic-pathology";"non";"non";"non";"non";"non";"non";"non";"non";"non";"non";"01-concepts/nosologie/06-metaboliques.md"
"immunity-medicine";"Cardiovascular failure";"cardiovascular";"/en/concepts/cardiovascular";"non";"non";"non";"non";"non";"non";"non";"non";"non";"non";"01-concepts/nosologie/07-cardiovasculaires.md"
"immunity-medicine";"Psychiatric failure";"psychiatric";"/en/concepts/psychiatric";"non";"non";"non";"non";"non";"non";"non";"non";"non";"non";"01-concepts/nosologie/08-psychiatriques.md"
"immunity-medicine";"Environmental failure";"environmental-pathology";"/en/concepts/environmental-pathology";"non";"non";"non";"non";"non";"non";"non";"non";"non";"non";"01-concepts/nosologie/09-environnementales.md"
"formal-verification";"Lean verification";"lean-verification";"/en/concepts/lean-verification";"oui";"oui";"oui";"non";"non";"non";"oui";"oui";"non";"non";"03-reference/contrat-produit-et-completude.md"
"formal-verification";"ProofArtifact";"proof-artifact";"/en/concepts/proof-artifact";"oui";"oui";"oui";"non";"non";"non";"oui";"oui";"non";"non";"03-reference/contrat-produit-et-completude.md"
"formal-verification";"Deterministic verification";"deterministic-verification";"/en/concepts/deterministic-verification";"oui";"oui";"non";"non";"non";"non";"oui";"oui";"non";"non";"03-reference/contrat-produit-et-completude.md"
"formal-verification";"Mathematical organism";"mathematical-organism";"/en/concepts/mathematical-organism";"oui";"oui";"oui";"non";"non";"non";"non";"non";"non";"non";"01-concepts/mathematical-organism.md"
"formal-verification";"Verification registry";"verification-registry";"/en/concepts/verification-registry";"oui";"oui";"non";"non";"non";"non";"non";"oui";"non";"non";"03-reference/contrat-produit-et-completude.md"
"formal-verification";"SMT solver layer";"smt-solver";"/en/concepts/smt-solver";"oui";"oui";"non";"non";"non";"non";"non";"non";"non";"non";"03-reference/contrat-produit-et-completude.md"
"formal-verification";"Deterministic procedures";"deterministic-procedures";"/en/concepts/deterministic-procedures";"oui";"oui";"oui";"non";"non";"non";"non";"oui";"non";"non";"02-orchestration/primitives-executables.md"
"runtime-infrastructure";"Snapshots";"snapshots";"/en/concepts/snapshots";"oui";"oui";"oui";"non";"non";"non";"non";"oui";"non";"non";"02-orchestration/git-agents.md"
"runtime-infrastructure";"Virtual filesystem";"vfs";"/en/concepts/vfs";"non";"non";"non";"non";"non";"non";"non";"oui";"non";"non";"05-securite-gouvernance/sandbox-execution-code.md"
"runtime-infrastructure";"SQLite persistence";"sqlite";"/en/concepts/sqlite";"oui";"oui";"non";"non";"non";"non";"non";"non";"non";"non";"04-exploitation/deploiement.md"
"runtime-infrastructure";"Persistence";"persistence";"/en/concepts/persistence";"oui";"oui";"non";"non";"non";"non";"non";"non";"non";"non";"02-orchestration/topologies-et-capacites.md"
"runtime-infrastructure";"Shared state";"shared-state";"/en/concepts/shared-state";"oui";"oui";"non";"non";"non";"non";"non";"oui";"non";"non";"02-orchestration/topologies/syncytium.md"
"runtime-infrastructure";"Model routing";"model-routing";"/en/concepts/model-routing";"oui";"oui";"non";"non";"non";"non";"non";"non";"non";"non";"03-reference/contrat-produit-et-completude.md"
"runtime-infrastructure";"MCP interfaces";"mcp";"/en/concepts/mcp";"oui";"oui";"non";"non";"non";"non";"non";"oui";"non";"non";"03-reference/outils-mcp.md"
"runtime-infrastructure";"Sandbox";"sandbox";"/en/concepts/sandbox";"oui";"oui";"non";"non";"non";"non";"non";"oui";"non";"non";"05-securite-gouvernance/sandbox-execution-code.md"
"runtime-infrastructure";"Observability";"observability";"/en/concepts/observability";"oui";"oui";"non";"non";"non";"non";"non";"oui";"non";"non";"04-exploitation/observabilite.md"
"runtime-infrastructure";"Identity & authority";"identity-authority";"/en/concepts/identity-authority";"oui";"oui";"non";"non";"non";"non";"non";"oui";"non";"non";"02-orchestration/topologies-et-capacites.md"
"runtime-infrastructure";"Governance";"governance";"/en/concepts/governance";"oui";"oui";"oui";"non";"non";"non";"non";"oui";"non";"non";"05-securite-gouvernance/README.md"
"runtime-infrastructure";"Workflows & jobs";"workflows";"/en/concepts/workflows";"oui";"oui";"non";"non";"non";"non";"non";"oui";"non";"non";"02-orchestration/workflows-et-jobs.md"
